{"cameraMode":{"drawMode":0,"name":"Shaded","section":"Shading Mode"},"sceneLighting":true,"audioPlay":false,"sceneViewState":{"showFog":true,"showMaterialUpdate":false,"showSkybox":true,"showFlares":true,"showImageEffects":true,"showParticleSystems":true},"in2DMode":false,"pivot":{"x":-3.092041015625,"y":6.34521484375,"z":-1.009765625},"rotation":{"x":0.2511301338672638,"y":-0.06383506953716278,"z":0.016600947827100755,"w":0.9657222628593445},"size":6.6388726234436039,"orthographic":true}