{"cameraMode":{"drawMode":0,"name":"Shaded","section":"Shading Mode"},"sceneLighting":true,"audioPlay":false,"sceneViewState":{"showFog":true,"showMaterialUpdate":false,"showSkybox":true,"showFlares":true,"showImageEffects":true,"showParticleSystems":true},"in2DMode":false,"pivot":{"x":-0.14031720161437989,"y":9.684990800451488e-7,"z":-0.0835440382361412},"rotation":{"x":0.3255486488342285,"y":-0.24971574544906617,"z":0.08957136422395706,"w":0.9075630307197571},"size":3.535533905029297,"orthographic":true}