{"cameraMode":{"drawMode":0,"name":"Shaded","section":"Shading Mode"},"sceneLighting":false,"audioPlay":false,"sceneViewState":{"showFog":true,"showMaterialUpdate":false,"showSkybox":false,"showFlares":true,"showImageEffects":true,"showParticleSystems":true},"in2DMode":false,"pivot":{"x":0.0,"y":-0.014212384819984436,"z":0.007862210273742676},"rotation":{"x":-0.04558057337999344,"y":0.9542182087898254,"z":-0.19861027598381043,"w":-0.2189992219209671},"size":0.8993508815765381,"orthographic":true}