{"cameraMode":{"drawMode":0,"name":"Shaded","section":"Shading Mode"},"sceneLighting":true,"audioPlay":false,"sceneViewState":{"showFog":true,"showMaterialUpdate":false,"showSkybox":true,"showFlares":true,"showImageEffects":true,"showParticleSystems":true},"in2DMode":false,"pivot":{"x":4.913027763366699,"y":14.194711685180664,"z":-13.117757797241211},"rotation":{"x":0.3255486488342285,"y":-0.24971574544906617,"z":0.08957136422395706,"w":0.9075630307197571},"size":7.815812110900879,"orthographic":true}