{"cameraMode":{"drawMode":0,"name":"Shaded","section":"Shading Mode"},"sceneLighting":false,"audioPlay":false,"sceneViewState":{"showFog":true,"showMaterialUpdate":false,"showSkybox":false,"showFlares":true,"showImageEffects":true,"showParticleSystems":true},"in2DMode":false,"pivot":{"x":4.501631259918213,"y":-3.7325501441955568,"z":-1.0824633836746216},"rotation":{"x":-0.04558057337999344,"y":0.9542182087898254,"z":-0.19861027598381043,"w":-0.2189992219209671},"size":0.5050495266914368,"orthographic":true}