{"cameraMode":{"drawMode":0,"name":"Shaded","section":"Shading Mode"},"sceneLighting":true,"audioPlay":false,"sceneViewState":{"showFog":true,"showMaterialUpdate":false,"showSkybox":true,"showFlares":true,"showImageEffects":true,"showParticleSystems":true,"showVisualEffectGraphs":true,"m_FxEnabled":true},"in2DMode":false,"pivot":{"x":-0.010380744934082032,"y":3.407939910888672,"z":-0.32828617095947268},"rotation":{"x":0.23594889044761659,"y":-0.306986927986145,"z":0.07884544879198075,"w":0.918646514415741},"size":8.317895889282227,"orthographic":true}